Workbook

Sheet Data
A1: Transaction ID | B1: Date | C1: Product Category | D1: Product Name | E1: Units Sold | F1: Unit Price | G1: Total Revenue | H1: Region | I1: Payment Method | J1: Month | K1: Revenue Tier
A2: 1 | B2: 2024-01-05 | C2: Electronics | D2: iPhone 14 Pro | E2: 2 | F2: 999.99 | G2: 1999.98 | H2: North America | I2: Credit Card | J2: =TEXT(B2, "Mmm") | K2: =IF(G2>=1000, "High Value", IF(G2>=200, "Medium Value", "Low Value")) | N2: Total Revenue | O2: =SUM(G2:G24)
A3: 2 | B3: 2024-01-08 | C3: Home Appliances | D3: Dyson V11 Vacuum | E3: 1 | F3: 499.99 | G3: 499.99 | H3: Europe | I3: PayPal | J3: =TEXT(B3, "Mmm") | K3: =IF(G3>=1000, "High Value", IF(G3>=200, "Medium Value", "Low Value")) | N3: Total Orders | O3: =COUNTA(A2:A24)
A4: 3 | B4: 2024-01-10 | C4: Clothing | D4: Levi's 501 Jeans | E4: 3 | F4: 69.99 | G4: 209.97 | H4: Asia | I4: Debit Card | J4: =TEXT(B4, "Mmm") | K4: =IF(G4>=1000, "High Value", IF(G4>=200, "Medium Value", "Low Value")) | N4: Average Order Value | O4: =AVERAGE(G2:G24)
A5: 4 | B5: 2024-01-12 | C5: Books | D5: The Da Vinci Code | E5: 4 | F5: 15.99 | G5: 63.96 | H5: North America | I5: Credit Card | J5: =TEXT(B5, "Mmm") | K5: =IF(G5>=1000, "High Value", IF(G5>=200, "Medium Value", "Low Value"))
A6: 5 | B6: 2024-01-15 | C6: Beauty Products | D6: Neutrogena Skincare Set | E6: 1 | F6: 89.99 | G6: 89.99 | H6: Europe | I6: PayPal | J6: =TEXT(B6, "Mmm") | K6: =IF(G6>=1000, "High Value", IF(G6>=200, "Medium Value", "Low Value"))
A7: 6 | B7: 2024-01-18 | C7: Sports | D7: Wilson Evolution Basketball | E7: 5 | F7: 29.99 | G7: 149.95 | H7: Asia | I7: Credit Card | J7: =TEXT(B7, "Mmm") | K7: =IF(G7>=1000, "High Value", IF(G7>=200, "Medium Value", "Low Value"))
A8: 7 | B8: 2024-01-20 | C8: Electronics | D8: MacBook Pro 16-inch | E8: 1 | F8: 2499.99 | G8: 2499.99 | H8: North America | I8: Credit Card | J8: =TEXT(B8, "Mmm") | K8: =IF(G8>=1000, "High Value", IF(G8>=200, "Medium Value", "Low Value"))
A9: 8 | B9: 2024-01-22 | C9: Home Appliances | D9: Blueair Classic 480i | E9: 2 | F9: 599.99 | G9: 1199.98 | H9: Europe | I9: PayPal | J9: =TEXT(B9, "Mmm") | K9: =IF(G9>=1000, "High Value", IF(G9>=200, "Medium Value", "Low Value"))
A10: 9 | B10: 2024-01-25 | C10: Clothing | D10: Nike Air Force 1 | E10: 6 | F10: 89.99 | G10: 539.94 | H10: Asia | I10: Debit Card | J10: =TEXT(B10, "Mmm") | K10: =IF(G10>=1000, "High Value", IF(G10>=200, "Medium Value", "Low Value"))
A11: 10 | B11: 2024-01-28 | C11: Books | D11: Dune by Frank Herbert | E11: 2 | F11: 25.99 | G11: 51.98 | H11: North America | I11: Credit Card | J11: =TEXT(B11, "Mmm") | K11: =IF(G11>=1000, "High Value", IF(G11>=200, "Medium Value", "Low Value"))
A12: 11 | B12: 2024-02-02 | C12: Beauty Products | D12: Chanel No. 5 Perfume | E12: 1 | F12: 129.99 | G12: 129.99 | H12: Europe | I12: PayPal | J12: =TEXT(B12, "Mmm") | K12: =IF(G12>=1000, "High Value", IF(G12>=200, "Medium Value", "Low Value"))
A13: 12 | B13: 2024-02-05 | C13: Sports | D13: Babolat Pure Drive Tennis Racket | E13: 3 | F13: 199.99 | G13: 599.97 | H13: Asia | I13: Credit Card | J13: =TEXT(B13, "Mmm") | K13: =IF(G13>=1000, "High Value", IF(G13>=200, "Medium Value", "Low Value"))
A14: 13 | B14: 2024-02-10 | C14: Electronics | D14: Samsung Galaxy Tab S8 | E14: 2 | F14: 749.99 | G14: 1499.98 | H14: North America | I14: Credit Card | J14: =TEXT(B14, "Mmm") | K14: =IF(G14>=1000, "High Value", IF(G14>=200, "Medium Value", "Low Value"))
A15: 14 | B15: 2024-02-14 | C15: Home Appliances | D15: Keurig K-Elite Coffee Maker | E15: 1 | F15: 189.99 | G15: 189.99 | H15: Europe | I15: PayPal | J15: =TEXT(B15, "Mmm") | K15: =IF(G15>=1000, "High Value", IF(G15>=200, "Medium Value", "Low Value"))
A16: 15 | B16: 2024-02-18 | C16: Clothing | D16: North Face Down Jacket | E16: 2 | F16: 249.99 | G16: 499.98 | H16: Asia | I16: Debit Card | J16: =TEXT(B16, "Mmm") | K16: =IF(G16>=1000, "High Value", IF(G16>=200, "Medium Value", "Low Value"))
... A24: 23 | B24: 2024-03-20 | C24: Beauty Products | D24: Olay Regenerist Face Cream | E24: 1 | F24: 49.99 | G24: 49.99 | H24: Europe | I24: PayPal | J24: =TEXT(B24, "Mmm") | K24: =IF(G24>=1000, "High Value", IF(G24>=200, "Medium Value", "Low Value"))

Sheet Dashboard
E1: Total Revenue | G1: Average Order Value
E2: =Data!O2 | G2: =Data!O4
A3: Product Category | B3: Sum of Total Revenue
A4: Beauty Products | B4: =SUMIF(Data!C:C, A4, Data!G:G)
A5: Books | B5: =SUMIF(Data!C:C, A5, Data!G:G)
A6: Clothing | B6: =SUMIF(Data!C:C, A6, Data!G:G)
A7: Electronics | B7: =SUMIF(Data!C:C, A7, Data!G:G)
A8: Home Appliances | B8: =SUMIF(Data!C:C, A8, Data!G:G)
A9: Sports | B9: =SUMIF(Data!C:C, A9, Data!G:G)
A10: Grand Total | B10: =SUM(B4:B9)
